{
  "src_folders" : ["tests"],
  "output_folder" : "reports",
  "custom_commands_path" : "",
  "custom_assertions_path" : "",
  "page_objects_path" : "",
  "globals_path" : "",

  "selenium" : {
    "start_process" : false,
    "server_path" : "./bin/selenium-server-standalone-3.12.0.jar",
    "log_path" : "./tests/logs",
    "port" : 4444,
    "cli_args" : {
      "webdriver.gecko.driver" : "./bin/geckodriver",
      "webdriver.gecko.driver" : "./bin/chromedriver"
    }
  },

  "test_settings" : {
    "default" : {
      "launch_url" : "http://localhost",
      "selenium_port"  : 4444,
      "selenium_host"  : "localhost",
      "silent": true,
      "screenshots" : {
        "enabled" : true,
        "on_failure" : true,
        "on_error" : true,
        "path" : "./tests/screenshots"
      },
      "desiredCapabilities": {
        "browserName": "firefox",
        "javascriptEnabled": true,
        "acceptSslCerts": true,        
        "marionette": true
      }
    },

    "chrome" : {
      "desiredCapabilities": {
        "browserName": "chrome",
        "javascriptEnabled": true,
        "acceptSslCerts": true        
      }
    },

    "edge" : {
      "desiredCapabilities": {
        "browserName": "MicrosoftEdge"
      }
    }
  }
}